{
"bye":"https://raw.githubusercontent.com/Tohidkhan6332/TOHID_MD_DATABASE/refs/heads/main/autosticker/TOHID-20241108-WA0028.webp",
"love":"https://raw.githubusercontent.com/Tohidkhan6332/TOHID_MD_DATABASE/refs/heads/main/autosticker/TOHID-20241110-WA0007.webp",
"tohid":"https://raw.githubusercontent.com/Tohidkhan6332/TOHID_MD_DATABASE/refs/heads/main/autosticker/TOHID-20241110-WA0008.webp", 
"tohidkhan":"https://raw.githubusercontent.com/Tohidkhan6332/TOHID_MD_DATABASE/refs/heads/main/autosticker/TOHID-20241110-WA0004.webp",
"hi":"https://raw.githubusercontent.com/Tohidkhan6332/TOHID_MD_DATABASE/refs/heads/main/autosticker/TOHID-20241110-WA0002.webp"
}
